id,gender,masterCategory,subCategory,articleType,season,year,usage
15970,0,0,0,0,0,2011,0
39386,0,0,1,1,1,2012,0
59263,1,1,2,2,2,2016,0
21379,0,0,1,3,0,2011,0
53759,0,0,0,4,1,2012,0
1855,0,0,0,4,1,2011,0
30805,0,0,0,0,1,2012,1
26960,1,0,0,0,1,2012,0
29114,0,1,3,3,1,2012,0
30039,0,1,2,2,2,2016,0
9204,0,2,4,6,1,2011,0
48123,1,1,5,5,1,2012,0
18653,0,2,7,7,0,2011,0
47957,1,1,8,8,1,2012,0
46885,3,2,7,7,0,2012,0
12369,0,0,0,0,0,2011,2
29928,0,1,2,2,2,2016,0
42419,2,0,0,9,1,2012,0
51832,1,0,9,11,1,2016,0
47359,1,1,8,8,1,2012,0
17429,0,1,2,2,2,2016,0
12967,0,2,10,10,0,2011,0
6842,4,1,5,5,1,2011,0
13089,0,0,0,12,0,2011,3
18461,0,3,12,16,3,2017,0
9036,0,2,4,17,2,2011,2
48311,1,1,13,19,2,2012,0
7990,0,0,0,4,0,2011,3
56019,1,3,14,14,3,2017,0
21977,1,1,8,8,2,2015,0
37812,0,0,0,0,1,2012,2
4729,3,0,0,4,1,2011,0
56825,0,0,0,0,1,2012,0
39988,0,2,4,6,2,2014,0
59051,1,2,4,32,2,2012,0
20099,1,0,0,21,0,2011,1
58183,1,1,8,8,1,2012,0
29742,1,1,8,8,1,2012,0
51658,1,1,2,2,2,2016,0
3954,1,0,0,4,1,2011,0
18839,0,1,5,5,0,2011,2
2886,1,2,4,32,2,2015,0
23278,0,1,2,2,2,2016,0
28690,1,0,0,21,1,2012,1
8580,0,0,0,24,0,2011,0
3168,0,2,4,25,0,2010,3
18005,0,0,1,26,1,2011,3
17871,0,0,9,28,2,2016,0
9452,0,0,0,0,0,2011,2
38402,1,1,5,5,1,2012,0
44984,1,1,2,2,2,2016,0
10268,0,2,4,17,0,2012,2
45856,1,0,0,21,1,2012,1
32138,0,0,9,28,1,2016,0
59435,0,2,4,17,1,2012,2
5891,0,0,0,4,1,2011,0
38630,1,0,0,4,1,2012,0
4943,0,0,0,0,1,2011,0
11188,0,1,2,2,2,2016,0
10866,0,0,0,4,0,2011,0
59607,1,0,15,15,0,2012,1
15528,0,0,0,4,0,2011,0
45258,0,1,2,2,2,2016,0
42841,1,1,8,8,1,2012,0
22198,0,2,4,6,0,2012,0
29570,0,2,4,6,1,2012,0
43993,1,3,12,31,3,2017,0
6628,0,2,4,25,1,2011,3
54924,0,0,1,26,1,2012,0
26538,0,2,4,6,0,2012,0
35913,1,1,8,8,1,2012,0
49495,0,2,4,6,1,2012,0
9660,0,0,0,0,0,2011,0
2288,1,0,0,4,0,2010,3
23876,0,0,0,12,0,2011,0
18237,0,0,0,4,0,2011,0
54118,1,2,4,33,2,2012,0
2872,1,2,4,33,2,2015,0
49653,1,0,0,9,1,2012,0
8574,1,2,10,10,0,2011,0
16957,0,1,16,34,2,2016,0
19123,0,2,7,7,0,2011,0
13419,0,0,0,4,1,2011,0
17885,0,0,9,35,1,2016,0
43369,0,2,7,7,1,2013,0
48781,1,1,13,36,1,2012,0
44970,0,1,2,2,2,2016,0
56489,1,3,17,37,3,2017,4
39524,4,1,8,38,1,2012,0
33822,0,2,4,25,1,2012,3
58513,1,0,0,9,1,2012,0
25947,1,1,18,18,1,2012,0
52029,4,0,0,39,1,2012,4
5865,0,0,0,4,1,2011,0
39716,1,0,20,20,1,2012,0
25349,0,0,9,28,1,2016,0
11940,0,2,10,10,1,2011,0
55802,1,0,26,40,1,2017,0
29584,0,0,0,4,1,2012,0
43967,1,3,12,31,3,2017,0
28456,1,0,1,41,1,2012,3
34009,2,0,0,9,1,2012,0
19311,0,2,4,6,0,2011,0
42089,0,2,4,25,1,2012,3
22950,4,1,2,2,2,2016,0
49461,0,2,4,6,1,2012,0
8746,4,2,7,7,1,2015,0
9694,0,0,0,4,0,2011,0
23882,0,2,4,25,0,2011,3
34835,0,2,4,25,1,2012,3
15984,0,0,0,0,0,2011,0
41268,0,1,23,23,1,2012,0
11518,1,2,4,33,2,2015,0
14856,1,1,23,23,1,2011,0
33648,0,2,10,10,1,2012,0
59297,0,0,0,0,0,2012,0
28032,0,0,9,28,1,2016,0
27846,1,0,0,42,1,2012,2
26994,1,0,1,1,1,2012,0
49839,1,2,7,7,2,2012,0
31923,1,1,8,8,1,2012,0
2618,1,2,4,32,3,2010,0
54588,1,0,0,21,1,2012,1
49005,1,1,13,43,1,2012,0
8322,3,0,0,4,0,2011,0
13841,4,1,2,2,2,2016,0
28200,0,1,16,34,2,2016,0
12993,4,2,4,25,0,2011,3
7158,0,0,0,0,0,2011,0
18495,0,2,10,10,0,2011,0
8110,0,1,2,2,2,2016,0
19547,0,0,0,12,0,2011,0
7964,0,0,0,4,0,2011,3
36934,1,3,12,31,3,2017,0
39140,1,0,24,44,1,2012,1
20851,1,1,8,45,2,2015,0
41866,0,2,10,10,0,2015,0
58177,1,1,8,8,1,2012,0
44528,0,2,10,10,1,2012,0
16392,0,0,0,0,0,2011,0
51455,1,0,0,46,1,2012,0
50587,0,0,9,28,1,2016,0
17240,0,0,0,4,0,2011,0
47530,1,2,4,32,2,2012,0
6617,0,0,0,0,1,2011,0
12732,4,1,8,47,0,2011,3
3365,0,0,0,4,1,2011,0
42042,0,2,4,25,1,2012,3
23849,0,2,4,6,0,2011,0
43190,1,1,2,2,2,2016,0
48578,0,1,13,19,1,2012,0
30462,1,0,9,11,1,2014,0
18208,0,1,25,48,0,2011,0
54127,1,2,4,33,2,2012,0
10065,0,0,0,4,0,2011,0
24250,0,2,4,6,0,2012,0
32335,0,1,2,2,2,2016,0
25382,0,0,9,35,1,2016,0
56670,0,1,2,2,2,2016,0
5092,0,0,0,4,1,2011,0
10859,0,0,0,4,0,2011,0
59638,1,0,15,15,0,2012,1
15517,0,2,4,6,0,2011,0
4140,1,2,4,6,2,2015,0
36795,0,1,2,2,2,2016,0
40527,0,1,2,2,2,2016,0
10257,0,0,1,49,0,2011,2
24062,0,0,0,4,1,2012,0
45869,0,1,2,2,2,2016,0
11385,1,0,0,12,0,2011,0
53130,1,2,4,32,2,2015,0
44187,1,3,12,31,3,2017,0
21510,1,1,8,8,2,2015,0
51667,0,1,16,34,2,2016,0
22395,0,0,0,0,0,2011,0
35322,1,1,13,50,2,2016,1
6425,4,2,4,6,1,2011,0
18806,0,1,5,5,1,2011,0
23247,0,2,4,17,0,2011,2
17072,1,1,5,5,2,2015,0
31782,1,0,0,9,1,2012,0
42270,4,2,4,6,1,2012,0
12500,0,0,0,0,0,2011,0
26735,0,3,12,16,3,2017,0
30650,0,0,0,4,1,2012,0
56026,1,3,14,14,3,2017,0
21948,1,1,8,8,2,2015,0
32563,1,0,1,49,1,2012,0
58980,1,3,12,16,3,2017,0
40143,2,0,0,9,1,2012,0
10633,0,2,4,17,0,2011,2
24406,1,0,0,21,1,2012,1
4716,4,1,2,2,2,2016,3
21174,1,0,0,9,0,2011,0
15341,1,0,1,26,0,2011,3
52486,1,0,9,51,2,2015,0
53554,0,0,9,52,1,2016,0
14293,0,0,0,4,0,2011,0
47366,1,1,8,8,1,2012,0
6041,0,0,0,4,1,2011,0
23623,2,0,0,9,0,2011,0
17416,0,2,4,25,0,2011,3
9835,1,0,0,4,0,2011,0
29319,4,1,8,47,1,2012,0
7193,1,0,1,1,0,2011,0
12958,0,2,4,25,0,2011,3
27283,1,0,0,21,0,2011,1
30234,0,2,7,7,1,2012,0
9009,1,1,8,8,2,2015,0
3533,0,0,0,4,1,2011,0
42614,1,1,13,13,2,2016,0
12164,1,0,0,53,0,2011,1
26351,1,1,2,2,2,2016,0
17624,0,0,1,3,0,2011,3
47154,2,0,1,54,1,2012,0
35574,0,2,7,7,1,2013,0
46086,1,2,4,25,1,2012,3
51031,1,0,9,11,1,2017,0
13284,0,0,1,26,0,2011,0
54543,0,2,4,25,0,2012,0
55491,1,3,14,55,3,2017,0
26163,0,0,1,49,1,2012,2
3701,1,0,0,4,1,2011,0
29917,0,1,2,2,2,2016,0
42426,1,0,0,21,1,2012,1
32751,0,2,4,6,1,2012,0
56214,1,1,13,50,2,2016,0
10401,1,0,0,9,0,2011,0
40371,1,0,1,1,1,2012,0
21346,0,1,16,34,2,2016,0
45603,0,2,4,17,1,2012,2
4524,0,2,4,25,1,2011,3
37223,1,0,0,9,1,2012,0
53766,0,0,0,4,1,2012,0
25520,2,0,0,9,0,2011,0
32597,1,0,0,9,1,2012,0
58974,0,3,12,16,3,2017,0
33445,1,1,23,23,1,2012,0
57100,1,0,0,9,1,2012,0
36137,1,2,4,25,1,2012,3
41859,0,2,10,10,1,2016,0
21180,0,2,7,7,1,2011,0
39943,0,2,4,6,1,2013,0
52472,1,0,26,56,2,2015,0
58148,4,1,25,48,0,2012,0
20052,1,1,27,27,0,2011,0
5630,1,2,7,7,1,2011,0
44517,0,2,7,7,1,2013,0
47392,1,1,8,8,0,2012,0
50325,1,0,0,21,1,2012,1
8913,0,2,4,25,0,2011,3
16530,0,0,0,0,0,2011,0
22705,0,2,4,6,0,2011,0
7167,0,0,0,0,0,2011,0
46240,1,0,0,57,1,2012,0
27277,1,0,0,21,0,2011,1
13042,1,2,4,32,2,2012,0
6889,1,0,0,58,1,2011,0
31312,1,0,0,21,1,2012,1
12190,0,0,0,0,0,2011,0
55657,1,2,4,33,2,2015,0
19578,1,0,0,9,1,2011,0
27879,1,0,0,9,1,2012,0
34452,1,2,4,32,2,2012,0
6287,0,0,0,4,1,2011,0
7355,0,0,0,4,0,2011,0
46072,0,1,5,5,1,2012,0
22537,0,2,10,10,1,2013,0
28831,1,0,9,28,1,2017,0
43500,0,0,0,4,1,2012,0
2627,1,2,4,32,0,2010,0
27045,1,1,8,45,1,2012,0
13270,1,0,0,9,0,2011,0
18698,0,0,9,28,1,2016,0
55465,1,3,14,14,3,2017,0
26197,0,3,12,31,3,2017,0
31120,2,0,0,9,1,2012,0
25712,4,1,25,48,1,2012,3
11527,0,0,0,4,0,2011,0
14869,0,1,23,23,1,2011,0
40385,1,0,0,9,1,2012,0
15187,0,0,0,4,0,2011,0
5402,1,2,4,25,,2011,3
44725,1,2,7,7,1,2012,0
14055,0,0,0,0,0,2011,0
20260,0,0,0,4,0,2011,0
7731,0,2,7,7,2,2011,0
22153,0,2,10,10,1,2011,0
43958,0,2,10,10,0,2012,0
28469,1,0,0,4,1,2012,0
50573,0,0,9,59,1,2016,0
34036,3,0,0,0,1,2012,0
55001,1,3,14,14,3,2017,4
8779,0,0,0,0,0,2011,0
3391,1,1,8,8,2,2015,0
43164,0,1,2,2,2,2016,0
2243,0,0,0,4,0,2010,3
30496,1,0,9,11,1,2014,0
27421,1,0,26,60,2,2015,0
57756,1,3,28,61,3,2017,0
33213,1,0,0,9,1,2012,0
39729,1,0,0,9,1,2012,0
25376,0,0,9,35,1,2016,0
11143,0,0,0,0,0,2011,0
56684,1,0,15,15,0,2012,1
4988,1,0,20,20,1,2011,0
44341,0,0,0,4,1,2012,0
14431,1,2,4,33,1,2012,0
20604,1,1,8,8,2,2015,0
52224,1,1,13,62,1,2012,0
45293,1,1,2,2,2,2016,0
36761,0,1,2,2,2,2016,0
33021,1,0,0,21,1,2012,1
25144,1,1,8,8,2,2015,0
11371,0,0,0,0,0,2011,0
41401,1,0,0,9,1,2012,0
14603,0,1,3,3,1,2011,0
37481,1,1,2,2,2,2016,0
5254,4,1,8,63,2,2015,0
44173,1,3,12,31,3,2017,0
25978,1,3,12,31,3,2017,0
4386,0,0,0,4,1,2011,0
51693,4,1,16,34,2,2016,0
16154,0,2,4,17,0,2011,2
22361,0,2,10,64,1,2012,0
29789,0,0,0,4,1,2013,0
19920,4,1,8,47,2,2015,0
7503,0,0,0,4,1,2011,3
46624,0,3,12,16,3,2017,0
34204,0,0,1,3,0,2013,0
17086,1,1,23,23,2,2015,0
50741,0,2,4,6,2,2018,0
55233,1,3,19,65,1,2019,0
13426,0,0,0,4,1,2011,0
43356,1,2,4,25,1,2012,3
28207,0,1,16,34,2,2016,0
13846,0,0,0,0,0,2011,0
12994,3,2,4,25,0,2011,3
46278,1,0,0,57,1,2012,0
16508,0,0,1,1,0,2011,0
18492,0,2,7,7,0,2011,0
19540,0,0,0,66,1,2011,0
7963,0,0,0,4,0,2011,3
8117,0,1,2,2,2,2016,0
49230,0,1,3,3,1,2016,0
39147,1,0,24,44,0,2012,1
36933,1,3,12,31,3,2017,0
57138,1,0,1,49,1,2012,0
20856,0,2,4,6,0,2011,0
41861,0,2,10,10,1,2016,0
5608,0,2,10,10,1,2011,0
58170,1,1,8,45,0,2012,0
53598,0,4,27,27,2,2016,3
15983,0,0,0,0,0,2011,0
39375,1,1,2,2,2,2016,0
14851,1,1,23,23,1,2011,0
59290,0,1,2,2,2,2016,0
52678,0,1,2,2,2,2016,0
20258,0,0,0,4,0,2011,0
47198,0,2,10,10,1,2012,0
27841,0,1,5,5,1,2012,0
28035,0,0,9,28,1,2016,0
31924,1,1,8,8,1,2012,0
26993,1,0,1,1,1,2012,0
13248,0,0,1,49,0,2011,0
43538,1,0,0,9,1,2012,0
8325,3,0,0,4,0,2011,0
31118,2,0,0,9,1,2012,0
19772,0,2,4,6,0,2011,0
46876,0,1,3,3,1,2012,0
5862,0,0,0,4,1,2011,0
39711,0,1,2,2,2,2016,0
14409,1,2,4,33,1,2012,0
58726,0,0,0,4,1,2012,0
44379,0,3,12,31,3,2017,0
11947,0,2,10,10,1,2012,0
36759,0,1,2,2,2,2016,0
51499,1,0,1,1,1,2012,0
29583,1,2,4,32,1,2012,0
55805,1,0,26,40,1,2017,0
7709,1,0,1,1,0,2011,0
28451,1,0,1,3,1,2012,0
43960,0,0,0,0,1,2012,2
8741,0,0,0,0,0,2011,0
55039,1,3,14,14,3,2017,0
19316,4,1,8,47,0,2011,0
27419,1,0,26,60,2,2015,0
34832,0,2,4,25,1,2012,3
23885,0,2,4,25,2,2012,3
19918,4,1,8,47,2,2015,0
22359,0,0,0,0,1,2011,0
19124,1,2,7,7,0,2011,0
16950,0,1,16,34,2,2016,0
49654,1,0,1,41,1,2012,0
48786,1,1,13,36,1,2013,0
2049,0,0,0,4,1,2010,3
17882,0,0,9,35,1,2016,0
44977,0,1,2,2,2,2016,0
33019,1,0,0,21,1,2012,1
41439,0,2,4,25,0,2012,3
39523,4,1,8,67,1,2012,0
52812,0,1,23,23,1,2012,0
11349,0,0,1,1,1,2017,0
24892,0,0,0,4,0,2011,0
58514,1,0,0,9,1,2012,0
33825,1,2,4,25,1,2012,3
25940,1,1,18,18,1,2012,0
38637,0,0,0,4,1,2012,0
5896,0,2,4,6,1,2011,0
4944,0,0,0,0,1,2011,0
10861,0,0,0,4,0,2011,0
59600,1,0,15,15,0,2012,1
42846,1,1,8,8,1,2012,0
35128,1,1,13,19,2,2012,0
47508,0,0,9,28,1,2016,0
54923,2,0,1,54,1,2012,0
43994,1,3,12,16,3,2017,0
17278,0,0,0,4,0,2011,0
31588,0,0,0,4,1,2012,0
49492,0,2,4,6,1,2012,0
18230,0,0,0,4,0,2011,0
23871,0,0,0,4,0,2011,0
9667,0,0,0,0,0,2011,0
16198,0,0,1,68,0,2011,3
3953,1,0,0,4,1,2011,0
29745,0,1,2,2,2,2016,0
28697,1,0,0,21,1,2012,1
12538,0,0,1,3,0,2011,0
8587,0,0,0,0,0,2011,0
42248,1,0,0,9,1,2012,0
48772,1,1,13,36,1,2013,0
17876,0,0,9,35,1,2016,0
30668,0,1,16,34,2,2016,0
9455,0,0,0,0,0,2011,2
18002,1,0,1,54,1,2011,3
44983,1,1,2,2,2,2016,0
38405,1,1,5,5,1,2012,0
53934,1,1,8,8,1,2012,0
1638,4,0,1,69,0,2010,3
25188,1,1,8,8,2,2015,0
24866,0,1,5,5,1,2012,0
53108,1,1,13,50,2,2016,0
21528,1,1,8,8,2,2015,0
59432,1,1,8,8,1,2012,0
32903,1,0,1,26,1,2012,0
6079,0,0,0,4,1,2011,0
12960,0,2,4,25,0,2011,3
29321,0,0,0,4,1,2012,3
9031,0,2,4,6,2,2011,0
6845,4,1,5,70,1,2011,0
18466,1,3,12,31,3,2017,0
26369,1,0,0,0,1,2012,0
33489,0,0,0,0,1,2012,0
59056,1,2,4,6,2,2012,0
15379,0,2,4,6,1,2012,0
45409,1,2,4,32,2,2012,0
56822,0,0,1,49,1,2012,0
58184,1,1,8,8,1,2012,0
40947,3,0,0,4,1,2012,0
39381,0,0,1,1,1,2012,0
15977,0,0,0,0,0,2011,0
32769,0,0,0,4,3,2013,0
10439,0,0,0,4,0,2011,0
59264,1,1,2,2,2,2016,0
14099,1,0,0,9,0,2011,0
1852,0,0,0,4,1,2011,0
30802,0,0,0,0,1,2012,1
51009,1,0,9,11,1,2017,0
29113,1,1,3,3,1,2012,0
7399,0,2,4,17,2,2018,2
26967,1,0,0,9,1,2012,0
27089,1,0,0,21,1,2012,1
48124,1,1,5,5,1,2012,0
9203,0,2,4,25,0,2011,3
51835,1,0,9,28,1,2016,0
3739,0,1,25,48,0,2010,3
19786,0,0,0,4,2,2016,0
44948,0,2,4,25,1,2012,3
24091,0,0,0,4,0,2011,0
57563,1,3,14,14,3,2017,4
33026,1,0,0,21,0,2012,1
41406,1,0,0,4,1,2012,0
11376,1,0,0,9,0,2011,0
25143,1,1,8,45,2,2015,0
44174,1,3,12,71,3,2017,0
5253,4,1,8,63,2,2015,0
20431,1,1,23,23,2,2015,0
14604,0,1,3,3,1,2011,0
4381,0,0,0,4,1,2011,0
46623,4,1,8,47,1,2012,0
19927,0,2,10,10,0,2011,0
7504,1,0,0,4,1,2011,3
22366,0,0,0,4,0,2011,0
3998,0,2,7,7,1,2011,0
51694,4,1,16,34,2,2016,0
16153,0,2,4,17,0,2011,2
17081,1,1,23,23,2,2015,0
50746,0,2,4,17,2,2018,2
34203,0,0,1,3,2,2013,0
55234,1,3,19,65,1,2019,0
13421,0,0,0,4,1,2011,0
27614,0,0,1,49,1,2012,0
22154,0,2,4,17,0,2011,2
16361,0,0,0,0,0,2011,2
46411,0,0,0,12,1,2012,0
7736,0,1,25,48,0,2011,0
34031,3,0,0,0,1,2012,0
50574,0,0,9,59,1,2016,0
22968,4,1,8,47,1,2011,0
3396,1,1,8,8,2,2015,0
31543,0,0,0,4,1,2012,0
55006,1,3,14,55,3,2017,4
19329,0,2,4,6,0,2011,0
13613,0,0,9,35,1,2016,0
27426,1,0,1,26,2,2015,0
2244,1,0,0,4,0,2010,0
43163,0,1,2,2,2,2016,0
33214,1,0,0,57,1,2012,0
10096,1,2,4,25,0,2011,3
11144,0,0,0,0,0,2011,0
25371,0,0,9,35,1,2016,0
20603,1,1,8,8,2,2015,0
58719,1,0,0,21,1,2012,1
11978,0,2,10,10,1,2012,0
36766,0,1,2,2,2,2016,0
45294,1,1,2,2,2,2016,0
52223,1,1,13,62,0,2012,0
34455,1,2,4,33,3,2013,2
6280,0,0,0,4,1,2011,0
46075,0,1,5,5,1,2012,0
35587,0,2,10,10,1,2013,0
7352,0,0,0,4,0,2011,0
27042,1,1,8,45,1,2012,0
2620,0,0,0,4,0,2010,3
43507,0,0,0,4,1,2012,0
28836,1,0,0,21,1,2012,1
31127,2,0,20,20,1,2012,0
26190,0,3,12,31,3,2017,0
55462,1,3,14,14,3,2017,0
11520,1,0,1,1,0,2011,0
25715,4,1,25,48,1,2012,3
41250,0,1,5,5,1,2012,2
40382,1,0,0,9,1,2012,0
38298,0,1,23,23,1,2012,0
57335,1,0,9,11,2,2015,0
52647,1,1,8,8,1,2012,0
20267,1,2,4,33,2,2015,0
14052,0,0,0,0,0,2011,0
53795,0,0,0,4,1,2012,0
44722,1,2,7,7,1,2012,0
5405,0,2,4,25,0,2011,3
39178,1,0,0,21,1,2012,1
32590,1,0,1,26,1,2012,0
11712,0,0,0,0,1,2011,0
25527,1,0,0,0,1,2012,0
57107,1,0,0,9,1,2012,0
20869,0,2,10,10,0,2011,0
33442,1,1,8,8,2,2016,0
58973,1,3,12,31,3,2017,0
52475,1,0,26,56,2,2015,4
39944,0,2,4,6,1,2013,0
21187,0,2,7,7,1,2011,0
36130,0,2,4,6,1,2012,0
44510,4,2,4,6,1,2012,0
20055,1,1,27,27,0,2011,0
50322,1,0,0,21,1,2012,1
28238,0,3,12,16,3,2017,0
13879,0,0,0,0,0,2011,0
47395,1,1,8,8,1,2012,0
46247,1,0,0,57,1,2012,0
7160,1,0,0,57,0,2011,0
22702,1,2,4,6,0,2011,0
8914,0,2,4,25,0,2011,3
16537,0,1,25,48,0,2011,0
43735,1,1,13,72,1,2012,1
13045,1,2,4,32,2,2012,0
27270,1,0,0,21,0,2011,1
12197,0,0,0,4,1,2013,0
55650,1,2,4,33,2,2015,0
31315,1,0,0,21,1,2012,1
6274,1,0,0,4,1,2011,0
47153,2,0,1,54,1,2012,0
17623,0,0,1,3,0,2011,3
48927,1,1,13,43,1,2012,0
51036,1,0,26,73,1,2017,0
26958,1,0,0,0,1,2012,0
46081,0,2,10,10,1,2012,0
35573,0,2,7,7,1,2013,0
13283,0,0,0,0,0,2011,0
54544,0,2,4,25,0,2012,3
30001,1,1,2,2,2,2016,0
29910,0,1,2,2,2,2016,0
3706,0,0,0,4,1,2011,0
26164,0,0,1,49,1,2012,2
55496,1,3,14,55,3,2017,0
56213,1,1,13,50,2,2016,0
15948,0,1,29,29,0,2011,2
40376,1,0,0,9,1,2012,0
24633,1,2,7,7,0,2011,0
10406,1,0,20,20,0,2011,0
4523,0,2,4,25,1,2011,3
45604,0,2,4,17,1,2012,2
15174,0,0,0,4,0,2013,0
21341,0,1,16,34,2,2016,0
53761,0,0,0,4,1,2012,0
37224,1,0,0,0,1,2012,0
32564,1,0,1,49,1,2012,0
56021,1,3,14,14,3,2017,0
24401,1,0,0,21,1,2012,1
10634,0,2,4,17,2,2012,2
40144,2,0,0,9,1,2012,0
58987,1,3,12,16,3,2017,0
59069,1,0,9,11,1,2017,0
15346,0,0,0,4,0,2011,0
52481,1,0,26,74,2,2015,0
21173,1,0,0,0,0,2011,0
4711,4,1,2,2,2,2016,3
40978,3,0,0,4,1,2012,0
14294,0,0,0,4,0,2011,0
17411,0,2,4,25,0,2011,3
9832,1,0,0,4,0,2011,0
23624,2,0,0,9,0,2011,0
6046,0,0,0,0,1,2011,0
34693,2,0,1,26,1,2012,0
47361,1,1,8,8,1,2012,0
7194,1,0,0,9,0,2011,0
51204,1,0,9,11,1,2017,0
30233,0,2,4,6,1,2012,0
48329,1,1,8,8,1,2012,0
18459,0,3,12,16,3,2017,0
27284,1,0,0,21,0,2011,1
12163,1,0,1,75,0,2011,1
42613,1,1,13,13,2,2016,0
3534,1,0,0,4,1,2011,0
24065,0,0,0,0,0,2011,0
10250,1,1,8,8,2,2015,0
57597,1,3,14,14,3,2017,0
40520,0,1,2,2,2,2016,0
1607,0,0,1,3,0,2010,3
11382,1,0,0,4,0,2011,0
44180,1,3,12,31,3,2017,0
37472,0,1,2,2,2,2016,0
53137,1,2,4,32,2,2015,0
15722,0,2,4,25,0,2011,3
4375,0,0,0,4,1,2011,0
35325,1,1,13,50,2,2016,1
22392,1,0,0,9,0,2011,0
51660,0,1,2,2,2,2016,0
17075,1,1,5,5,2,2015,0
23240,1,0,0,21,0,2011,1
6422,4,2,4,6,1,2011,0
18801,0,1,5,5,1,2011,0
26732,1,3,12,16,3,2017,0
12507,0,2,4,6,2,2018,0
31785,1,0,0,9,1,2012,0
3150,0,2,4,25,0,2010,3
17849,1,0,0,4,0,2011,0
29548,0,0,0,4,1,2012,0
42879,1,1,8,45,1,2012,0
16395,0,0,0,0,0,2011,0
51452,1,0,0,9,1,2012,0
6610,0,0,0,4,1,2011,0
47537,1,2,4,32,2,2012,0
17247,0,0,0,4,0,2011,0
23072,0,0,1,49,2,2014,2
42045,0,2,4,6,1,2012,0
3362,0,0,0,4,1,2011,0
12735,4,1,25,48,0,2011,3
54120,1,2,4,32,2,2012,0
30465,1,0,9,11,1,2014,0
9658,0,0,0,0,0,2011,0
43197,1,1,2,2,2,2016,0
38608,0,0,0,4,1,2012,0
24257,0,2,4,6,1,2012,0
10062,0,0,0,4,0,2011,0
56677,0,1,2,2,2,2016,0
25385,0,0,9,28,1,2016,0
32332,0,1,2,2,2,2016,0
5095,0,0,0,4,1,2011,0
37640,1,1,8,45,1,2012,0
4147,1,2,4,25,1,2011,3
36792,0,1,2,2,2,2016,0
45260,0,1,2,2,2,2016,0
15510,0,2,4,6,0,2011,0
21725,0,0,0,12,0,2011,0
34038,3,0,0,0,1,2012,0
43956,1,2,10,64,1,2012,0
28467,1,0,0,4,1,2012,0
16368,0,0,1,49,0,2011,2
42884,1,1,8,45,1,2012,0
55833,1,3,19,76,3,2017,0
46418,0,1,2,2,2,2016,0
48582,0,1,13,19,1,2012,0
30498,1,0,9,11,1,2012,0
8777,0,0,0,0,0,2011,0
19320,4,1,8,47,0,2011,0
25378,0,0,9,35,1,2016,0
4986,0,0,0,4,1,2011,3
39727,1,0,0,0,1,2012,2
57758,1,3,28,61,3,2017,4
5854,1,1,8,8,1,2011,0
11971,0,2,4,25,0,2011,3
5068,0,1,2,2,2,2016,0
39515,4,1,8,38,1,2012,0
45893,0,1,2,2,2,2016,0
44941,0,2,4,17,1,2013,2
24098,0,2,10,10,1,2012,0
4388,0,0,0,4,1,2011,0
58522,4,1,1,77,1,2015,0
28655,0,2,4,25,1,2012,3
2843,0,0,0,4,1,2011,0
17088,1,1,23,23,2,2015,0
3991,0,0,0,4,1,2011,0
29787,0,0,0,4,1,2013,0
9497,0,2,10,10,1,2011,0
13428,0,0,0,4,1,2011,0
19112,0,0,0,4,1,2016,0
16966,0,2,4,25,0,2011,3
49662,1,1,16,34,2,2016,0
20860,1,1,16,34,2,2016,0
32599,1,0,0,9,1,2012,0
39171,1,0,0,21,1,2012,1
36905,0,1,2,2,2,2016,0
57932,0,0,0,4,1,2012,0
58146,4,1,8,47,1,2012,0
40985,3,0,0,4,1,2012,0
41857,0,2,10,10,1,2012,0
59094,1,0,9,11,1,2017,0
36139,0,2,4,25,1,2012,3
7169,0,0,0,0,0,2011,0
28231,0,3,12,16,3,2017,0
13870,0,0,0,0,0,2011,0
19576,1,0,0,9,1,2011,0
7955,0,0,0,4,0,2011,3
8121,0,1,5,5,2,2016,0
27279,1,0,0,21,0,2011,1
6887,1,0,0,58,1,2011,0
31912,1,1,8,8,1,2012,0
49808,1,2,7,7,2,2012,0
22539,1,2,4,33,2,2012,0
27877,1,0,0,0,1,2012,0
6289,0,0,0,4,1,2011,0
28003,0,0,9,28,1,2016,0
8313,1,1,8,8,2,2016,0
49034,1,1,13,43,1,2012,0
19744,0,0,0,58,0,2011,0
26199,0,3,12,31,3,2017,0
47992,1,1,2,2,2,2016,0
18696,0,0,9,28,1,2016,0
2629,1,2,4,32,0,2010,0
14867,0,1,23,23,1,2011,0
38291,0,1,23,23,1,2012,0
11529,0,0,0,66,0,2011,0
41259,0,1,23,23,1,2012,0
1890,0,0,0,4,2,2010,0
15189,0,0,0,4,0,2011,0
24408,0,2,4,25,1,2012,3
20894,0,2,4,6,0,2011,0
21946,1,1,8,8,2,2015,0
39185,1,0,0,21,1,2012,1
56028,1,3,14,14,3,2017,0
40971,0,2,4,6,2,2012,0
52488,1,0,9,51,2,2015,0
59060,1,0,0,21,1,2012,1
4718,2,0,0,4,1,2011,0
56814,1,0,0,78,1,2012,1
12956,0,2,4,25,0,2011,3
29317,4,1,8,47,1,2012,0
17418,0,1,2,2,2,2016,0
47368,1,1,8,8,1,2015,0
13884,0,0,0,0,0,2011,0
19582,0,0,0,4,1,2011,0
48320,1,1,13,19,2,2012,0
9007,1,1,8,8,2,2015,0
6873,1,0,20,20,1,2011,0
18450,1,3,12,31,3,2017,0
29125,1,1,16,34,2,2016,0
26951,1,0,0,4,1,2012,0
27883,1,0,0,4,1,2012,0
30834,1,0,0,21,1,2012,1
29919,0,1,2,2,2,2016,0
42428,1,0,0,21,1,2012,1
12358,0,0,0,0,0,2011,2
48112,1,1,5,5,1,2012,0
9235,0,0,0,0,0,2011,2
14893,1,1,1,77,1,2011,0
15941,0,1,5,5,0,2011,0
53768,0,0,0,4,1,2012,0
21348,0,1,16,34,2,2016,0
59252,0,1,2,2,2,2016,0
6619,0,2,4,25,1,2011,3
54915,0,0,0,4,1,2012,0
50589,0,0,9,28,1,2016,0
42870,1,1,8,8,1,2012,0
18206,0,1,25,48,0,2011,0
54129,1,2,4,33,2,2012,0
23847,0,2,4,25,0,2011,3
48576,0,1,13,19,1,2012,0
9651,0,0,0,0,0,2011,0
8783,0,0,0,0,0,2011,0
4972,0,0,0,0,1,2011,0
38601,0,0,0,4,1,2012,0
45269,0,1,2,2,1,2017,0
11985,0,2,4,25,0,2011,3
59636,1,0,15,15,0,2012,1
15519,0,2,7,7,0,2011,0
10857,0,0,0,4,0,2011,0
10259,0,0,1,49,0,2011,2
53902,1,1,8,8,1,2012,0
38433,1,1,8,85,1,2012,0
40529,1,1,2,2,2,2016,0
59404,1,0,0,9,0,2012,0
25982,1,3,12,31,3,2017,0
44189,1,2,7,7,2,2012,0
24850,0,1,5,5,1,2012,2
23249,0,2,4,17,0,2011,2
18808,0,1,5,5,1,2011,0
51669,0,1,16,34,2,2016,0
3965,1,0,0,9,1,2011,0
29773,0,0,0,0,1,2012,0
48744,0,1,13,72,1,2015,0
17840,0,2,4,25,0,2011,3
9463,0,0,0,0,0,2011,2
18034,1,1,8,8,2,2015,0
16992,1,1,5,5,1,2011,0
3159,0,2,4,25,0,2010,3
49696,0,4,27,29,1,2012,2
14858,1,1,23,23,1,2011,0
33646,0,2,10,10,1,2012,0
57303,1,2,4,33,2,2012,0
11516,1,2,4,33,2,2015,0
41266,0,1,23,23,1,2012,0
20251,0,0,0,4,0,2011,0
14064,0,0,0,4,0,2011,0
44714,0,2,7,7,1,2012,0
5433,0,0,0,4,1,2011,0
52671,0,1,2,2,2,2016,0
59299,0,0,0,0,0,2012,0
49837,1,2,7,7,2,2012,0
16733,0,2,7,7,0,2011,0
7364,0,2,4,6,2,2018,0
34463,4,1,8,47,1,2012,0
47191,0,2,4,17,1,2012,2
27848,1,0,0,4,1,2012,0
31111,3,0,1,1,1,2012,0
55454,1,3,14,14,3,2017,0
12393,0,1,3,3,1,2016,2
13241,0,0,0,58,0,2011,0
54586,1,0,0,21,1,2012,1
27074,1,2,4,32,2,2015,0
2616,1,2,4,32,0,2010,3
43531,1,0,0,9,1,2012,0
46271,1,0,20,20,1,2012,0
35783,1,2,4,33,1,2012,0
7156,0,0,0,0,0,2011,0
22734,1,2,4,25,0,2011,3
8922,0,1,5,5,0,2011,0
16501,0,0,0,4,0,2011,0
50314,0,1,29,29,1,2012,2
34651,1,2,4,25,0,2012,3
6084,0,0,0,4,1,2011,0
19549,0,0,0,12,0,2011,0
49239,0,1,25,48,0,2012,0
31323,1,0,0,21,1,2012,1
43703,1,1,13,13,1,2012,0
13073,0,2,4,6,0,2012,0
57131,1,0,0,9,1,2012,0
40186,1,0,0,78,1,2012,1
58945,1,3,12,31,3,2017,0
33474,1,1,5,5,1,2012,0
59897,1,0,20,20,0,2012,0
11724,1,0,0,0,0,2011,0
5601,0,2,7,7,1,2011,0
20063,1,1,27,27,0,2011,0
53591,0,4,27,27,2,2016,0
58179,1,1,8,8,1,2012,0
39972,0,2,4,6,1,2013,0
15384,0,2,7,7,1,2013,0
52443,1,0,26,73,2,2015,0
41868,0,2,10,10,1,2015,0
36106,0,1,23,23,1,2012,0
23282,0,1,2,2,2,2016,0
34235,0,0,0,4,1,2013,0
46615,1,2,4,33,2,2012,0
19911,4,1,8,92,2,2015,0
7532,0,0,0,4,1,2011,3
22350,0,0,0,0,0,2011,0
16165,0,2,4,6,0,2011,0
2040,0,0,0,4,0,2010,0
30695,1,2,4,32,2,2012,0
43367,1,2,4,32,1,2012,0
13417,0,0,0,0,1,2011,0
27622,0,0,1,49,1,2012,0
55202,1,3,14,84,3,2017,0
3192,0,0,0,4,1,2011,0
16959,1,1,16,34,2,2016,0
11340,0,0,1,1,1,2017,0
25175,1,1,8,8,2,2015,0
10292,1,2,4,33,1,2015,0
57555,1,3,14,14,3,2017,4
52027,4,0,0,39,1,2012,4
36562,0,0,0,4,1,2012,0
25949,1,1,18,18,1,2012,0
44142,0,3,12,31,3,2017,0
5265,4,1,8,92,2,2015,0
14632,0,1,27,27,0,2011,0
11172,0,0,0,66,0,2011,0
25347,0,0,9,28,1,2016,0
39718,1,0,0,9,1,2012,0
41602,0,0,0,0,1,2012,0
33222,1,0,0,57,1,2012,0
24295,0,1,3,3,1,2016,0
57767,1,3,21,83,3,2017,4
36750,2,0,20,20,1,2012,0
37682,4,1,8,47,1,2012,0
34007,2,0,0,9,1,2012,0
50542,0,0,9,28,1,2016,0
17285,0,0,0,4,0,2011,0
43969,1,3,12,31,3,2017,0
28458,1,0,1,54,1,2012,3
22162,0,2,4,6,1,2011,0
16357,0,0,0,0,0,2011,2
46427,0,1,2,2,2,2016,0
7700,1,0,0,9,0,2011,0
27410,1,0,26,60,1,2018,0
2272,0,0,0,4,0,2010,3
43155,1,1,2,2,2,2016,0
42087,0,2,4,25,1,2012,3
8748,0,0,0,0,0,2011,0
55030,1,3,14,14,3,2017,0
17043,0,2,4,6,1,2013,0
50784,1,2,4,33,0,2013,0
2888,1,2,4,33,2,2015,0
23276,0,1,2,2,2,2016,0
6414,0,2,7,7,1,2011,0
18837,0,1,5,5,1,2011,2
35313,1,1,13,50,2,2016,1
51656,0,1,2,2,2,2016,0
16191,0,0,0,4,0,2011,0
30661,0,1,16,34,2,2016,0
43393,0,1,23,23,1,2012,0
26704,0,2,4,25,0,2011,3
12531,1,0,0,12,0,2011,0
42241,1,0,0,9,1,2012,0
56473,1,3,17,37,3,2017,0
25181,1,1,8,8,2,2015,0
24053,0,0,0,4,0,2011,0
10266,0,2,4,6,0,2011,0
40516,0,1,2,2,2,2016,0
15714,0,2,4,25,0,2011,3
21521,1,1,8,8,2,2015,0
4343,0,2,4,6,1,2011,0
5291,0,2,4,17,1,2011,2
53101,1,1,13,50,2,2016,0
32304,1,1,2,2,2,2016,0
57793,1,3,19,93,3,2017,4
10054,3,0,0,4,1,2011,3
4171,0,2,4,25,1,2011,3
45256,0,1,2,2,2,2016,0
59609,1,0,15,15,0,2012,1
15526,1,2,4,33,0,2011,0
21713,0,1,2,2,2,2016,0
44384,1,3,12,16,3,2017,0
37676,4,1,8,47,2,2012,0
6626,0,2,4,25,1,2011,3
47501,4,2,4,6,0,2012,0
17271,0,0,0,4,0,2011,0
23044,1,0,1,75,0,2011,0
22196,0,2,4,6,0,2012,0
51464,1,0,0,9,1,2012,0
54116,1,2,4,33,2,2012,0
30453,0,0,1,1,1,2012,0
2286,0,0,0,12,0,2010,3
23878,1,2,4,6,1,2012,0
48549,1,1,5,5,1,2012,0
42073,0,1,23,23,1,2012,0
31581,0,0,0,4,1,2012,0
3354,0,0,0,4,1,2011,0
26536,0,2,4,6,1,2012,0
12703,1,2,4,25,0,2011,3
24605,1,0,24,44,0,2011,1
10430,0,0,0,0,0,2011,0
56225,0,0,26,40,1,2016,0
39388,0,0,1,1,1,2012,0
14090,0,0,0,4,0,2011,0
53757,1,2,4,25,1,2012,3
37212,0,0,0,0,1,2012,0
4515,0,2,4,25,1,2011,3
45632,0,0,9,28,1,2016,0
51000,1,0,9,11,1,2018,0
7390,0,2,4,17,2,2018,2
35545,2,2,10,10,1,2012,0
6242,1,0,0,4,1,2011,0
47165,0,1,5,5,1,2012,0
17615,3,0,0,4,0,2011,0
48911,1,1,13,36,1,2013,0
29926,0,1,2,2,2,2016,0
42417,4,1,1,92,1,2012,0
3730,0,0,0,4,1,2011,3
26152,0,0,1,49,1,2012,2
12367,0,0,0,0,0,2011,2
54572,1,0,0,21,1,2012,1
27080,1,2,4,33,2,2015,0
30037,0,1,2,2,2,2016,0
46285,1,0,20,20,1,2012,0
12969,0,2,4,25,0,2011,3
35777,0,2,4,25,1,2012,3
51232,1,0,0,21,0,2012,1
17427,0,1,2,2,2,2016,0
9804,0,0,0,0,0,2011,2
23612,1,3,12,31,3,2017,0
6070,1,0,0,4,1,2011,0
47357,1,1,8,85,1,2012,0
26360,1,0,0,4,1,2012,0
12155,1,0,1,75,0,2011,1
42625,1,1,13,50,2,2016,0
3502,1,0,0,4,0,2010,3
30205,1,1,8,8,1,2012,0
9038,0,2,4,17,2,2011,2
54740,0,2,4,6,3,2012,0
13087,4,2,4,6,0,2011,0
10602,0,0,0,4,0,2011,3
40172,0,1,16,34,2,2016,0
33480,1,1,5,5,3,2012,0
59863,1,3,28,94,3,2017,0
32552,0,2,4,6,1,2013,0
21979,1,1,8,45,2,2015,0
56017,1,3,14,14,3,2017,0
20097,1,0,0,21,0,2011,1
53565,0,1,2,2,2,2016,0
15370,1,0,0,12,0,2011,0
39986,0,2,4,6,1,2013,0
21145,1,0,0,0,0,2011,0
4727,3,0,0,4,1,2011,0
45400,1,2,4,32,2,2012,0
38434,1,1,8,8,1,2012,0
53905,1,1,8,8,1,2012,0
1609,1,0,0,12,0,2010,3
57599,1,3,14,14,3,2017,0
25985,1,3,12,31,3,2017,0
59403,1,0,0,4,0,2012,0
21519,1,1,8,8,2,2015,0
53139,1,2,4,33,2,2015,0
29774,0,0,0,0,1,2012,0
3962,1,0,0,9,1,2011,0
18033,1,1,8,8,2,2015,0
17847,0,2,4,25,1,2012,3
9464,0,0,0,0,0,2011,2
48743,0,1,13,72,1,2012,0
16995,1,2,10,64,2,2012,0
12509,0,2,4,6,2,2018,0
17249,0,0,0,4,0,2011,0
47539,1,2,4,32,2,2012,0
29546,0,0,0,4,1,2012,0
42877,1,1,23,23,1,2012,0
9656,0,0,0,0,0,2011,0
23840,0,2,4,6,0,2011,0
43199,0,1,2,2,2,2016,0
18201,0,0,0,58,0,2011,0
35925,1,1,8,45,1,2012,0
8784,4,1,16,34,2,2016,0
4975,0,0,0,4,1,2011,0
56679,1,2,4,33,2,2012,0
24259,0,2,4,6,0,2012,0
38606,0,0,0,4,1,2012,0
59631,1,0,15,15,0,2012,1
4149,1,2,4,25,1,2011,3
10850,0,0,0,4,0,2011,0
26956,1,0,0,9,1,2012,0
29122,4,1,25,48,1,2012,0
51038,1,0,9,28,1,2017,0
30833,1,0,0,21,1,2012,1
48929,1,1,13,43,0,2012,0
27884,1,0,0,0,1,2012,2
55498,1,3,14,55,3,2017,0
3708,0,0,0,4,1,2011,0
48115,1,1,5,5,1,2012,0
18665,0,2,4,6,1,2013,0
47961,1,1,8,45,1,2012,0
10408,1,0,0,9,0,2011,0
14894,1,1,1,77,1,2011,0
15946,0,1,29,29,0,2011,2
1863,0,0,0,4,1,2011,0
59255,0,1,2,2,2,2016,0
20893,0,2,4,6,0,2011,0
58989,0,3,12,16,3,2017,0
38050,0,1,2,2,2,2016,0
39182,1,0,0,21,1,2012,1
41098,1,0,0,9,1,2012,0
21941,1,1,8,8,2,2015,0
56813,1,0,0,78,1,2012,1
59067,1,0,9,11,1,2017,0
15348,0,0,0,4,0,2011,0
12951,0,0,0,0,0,2011,0
6048,0,0,0,0,1,2011,0
13883,0,0,0,0,0,2011,0
19585,1,0,0,9,1,2011,0
6874,1,0,20,20,1,2011,0
18457,0,3,12,31,3,2017,0
9000,0,2,4,6,0,2011,0
48327,1,1,8,8,1,2012,0
35589,0,2,10,10,0,2012,0
31915,1,1,8,45,1,2012,0
28004,0,0,9,59,1,2016,0
27870,1,0,0,0,0,2012,6
19743,1,1,25,48,0,2011,0
49033,1,1,13,43,1,2012,0
8314,0,0,0,0,1,2011,0
31129,2,0,20,20,1,2012,0
43509,1,0,20,20,1,2012,0
18691,0,0,9,59,1,2016,0
47995,0,1,2,2,2,2016,0
38296,0,1,23,23,1,2012,0
14860,1,1,23,23,1,2011,0
39344,0,0,0,4,0,2012,0
1897,0,0,0,4,2,2010,3
52649,1,1,8,8,1,2012,0
57109,1,0,0,57,1,2012,0
36902,0,1,2,2,2,2016,0
25529,0,0,0,0,1,2012,0
39176,1,0,0,21,1,2012,1
40982,3,0,0,4,1,2012,0
58141,1,1,13,50,0,2012,0
57935,0,2,10,10,3,2012,0
59093,1,0,9,11,1,2017,0
41850,0,1,3,3,2,2015,0
21189,4,1,8,47,1,2012,0
16539,0,0,0,0,0,2011,0
46249,1,0,0,57,1,2012,1
13877,0,0,0,0,0,2011,0
28236,1,3,12,16,3,2017,0
8126,0,1,5,5,2,2016,0
19571,0,0,0,4,1,2011,0
12199,0,0,0,4,1,2015,0
7952,0,0,0,4,0,2011,3
6880,1,0,0,58,1,2011,0
11378,0,0,0,0,0,2011,2
45894,0,4,27,27,2,2016,0
39512,4,1,8,47,1,2012,0
52823,1,1,13,50,1,2012,0
41408,1,0,0,9,1,2012,0
33028,1,0,0,21,1,2012,1
25971,1,0,20,20,1,2012,0
58525,4,1,1,77,1,2010,0
37488,1,1,2,2,2,2016,0
2844,0,0,0,4,1,2011,0
50748,0,2,4,6,2,2018,0
28652,0,2,4,25,1,2012,3
29780,0,0,1,49,1,2013,0
22368,0,0,0,4,0,2011,0
3996,0,2,7,7,1,2011,0
19929,0,1,1,79,0,2011,2
2078,1,0,0,4,0,2010,3
9490,4,1,8,47,0,2011,0
49665,0,1,16,34,2,2016,0
8542,1,2,7,7,0,2011,0
16961,0,1,16,34,2,2016,0
19115,0,0,0,4,1,2016,0
28460,1,0,1,26,1,2012,3
23088,0,0,1,49,0,2011,0
43951,1,2,4,33,2,2012,0
42883,1,1,8,8,1,2012,0
48585,1,1,13,19,1,2013,0
34803,0,1,5,5,1,2012,0
27428,1,0,0,4,0,2015,0
55008,1,3,14,55,3,2017,4
19327,0,0,0,12,0,2011,0
3398,1,1,8,8,2,2015,0
39720,1,0,20,80,1,2012,0
10098,0,1,2,2,2,2016,0
5853,1,1,8,8,1,2011,0
11976,0,2,4,6,1,2013,0
36768,0,1,2,2,2,2016,2
44348,0,0,0,0,1,2012,0
14438,1,2,4,33,1,2012,0
46282,1,0,0,57,1,2012,0
47350,1,1,8,8,1,2012,0
23615,1,3,12,31,3,2017,0
17420,0,1,2,2,2,2016,0
9803,1,0,0,57,0,2011,0
3505,1,2,4,6,0,2010,0
42622,1,1,13,50,2,2016,0
12152,1,0,0,78,0,2011,1
26367,1,0,0,0,1,2012,4
18468,1,3,12,31,3,2017,0
13080,0,2,4,6,1,2013,0
48318,1,1,13,19,2,2012,0
30202,4,1,8,47,1,2012,0
33487,0,0,0,0,1,2012,0
40175,0,1,16,34,2,2016,0
10605,1,1,2,2,2,2016,0
56010,1,3,14,14,1,2019,0
32555,0,2,4,6,1,2013,0
53562,4,1,2,2,2,2016,0
40949,3,0,0,4,1,2012,0
45407,1,2,4,32,1,2012,0
4720,2,0,0,4,1,2011,0
21142,1,0,0,9,0,2011,0
39981,0,2,4,6,1,2013,0
59058,1,0,0,78,1,2010,1
15377,0,2,4,6,1,2012,0
10437,0,0,0,0,0,2011,0
24602,1,0,0,21,0,2011,1
32767,0,0,0,0,1,2012,2
56222,0,0,26,40,1,2016,0
37215,0,0,0,0,1,2012,0
14097,0,0,0,4,0,2011,0
53750,1,0,1,3,1,2012,0
52682,0,1,2,2,2,2016,0
15145,0,0,0,0,0,2011,0
45635,0,0,9,28,1,2016,0
4512,1,2,4,25,1,2011,3
7397,0,2,4,17,2,2018,2
35542,2,2,10,10,1,2012,0
26969,1,0,0,9,1,2012,0
51007,1,0,9,11,1,2017,0
48916,1,1,13,36,1,2013,0
17612,2,0,0,4,0,2011,0
47162,0,1,5,5,1,2012,0
6245,0,0,0,4,1,2011,0
19788,0,0,0,4,2,2016,0
12360,0,0,0,0,0,2011,2
26155,0,0,1,49,1,2012,2
3737,4,1,25,48,0,2010,3
42410,0,0,9,28,1,2016,0
29921,0,1,2,2,2,2016,0
27087,1,0,0,21,1,2012,1
54575,1,0,0,21,1,2012,1
32303,0,1,2,2,2,2016,0
56646,1,0,0,78,0,2012,1
5898,0,2,4,6,1,2011,0
57794,1,3,28,61,3,2017,0
10053,1,0,0,4,1,2011,0
24266,0,0,0,4,1,2012,0
38639,0,0,0,4,1,2012,0
15521,0,2,7,7,0,2011,0
45251,0,1,2,2,2,2016,0
37671,4,1,8,47,1,2012,0
44383,1,3,12,16,3,2017,0
23043,1,0,1,75,0,2011,0
17276,0,0,0,4,0,2011,0
47506,0,0,9,35,1,2016,0
6621,0,2,4,25,1,2011,3
51463,1,0,0,9,1,2012,0
42848,1,1,23,23,1,2012,0
22191,0,2,4,6,0,2012,0
9669,0,0,0,0,0,2011,0
54111,1,2,4,33,2,2012,0
12704,0,2,4,25,0,2011,3
26531,0,2,4,6,1,2013,0
31586,0,0,0,4,1,2012,0
3353,0,0,0,4,1,2011,0
42074,0,1,23,23,1,2012,0
47734,1,1,8,8,0,2012,0
6413,4,2,4,6,1,2011,0
18830,0,1,5,5,1,2011,2
28699,1,0,0,21,1,2012,1
23271,0,1,2,2,2,2016,0
17044,0,2,10,10,1,2013,0
50783,1,2,4,33,2,2015,0
51651,0,1,2,2,2,2016,0
16196,0,0,0,58,0,2011,3
35314,1,1,13,50,2,2016,1
43394,0,1,23,23,1,2012,0
17878,0,0,9,35,1,2016,0
30666,0,1,16,34,2,2016,0
3161,0,2,4,25,1,2011,3
8589,0,0,0,0,0,2011,0
12536,1,0,0,12,0,2011,0
26703,0,2,4,25,0,2011,3
25186,1,1,8,8,2,2015,0
56474,1,3,17,37,3,2017,4
1636,0,2,4,25,0,2010,3
40511,0,1,2,2,2,2016,0
10261,0,0,1,49,0,2011,2
24054,0,0,0,4,0,2011,0
4344,0,2,4,25,1,2011,3
21526,1,1,8,8,2,2015,0
15713,0,2,4,25,0,2011,3
53106,1,1,13,50,2,2016,0
5296,0,2,10,10,1,2011,0
24868,0,1,23,23,1,2012,0
41605,0,0,0,0,0,2012,0
25340,0,0,9,59,1,2016,0
11175,0,0,0,66,0,2011,0
57760,1,3,28,61,3,2017,4
24292,0,1,3,3,1,2016,0
33225,1,0,20,20,1,2012,0
11949,0,2,4,6,0,2012,0
36757,1,1,2,2,2,2016,0
37685,4,1,8,47,1,2012,0
5050,0,2,4,6,1,2011,0
44377,0,3,12,16,3,2017,0
58728,1,0,0,4,1,2012,0
50545,0,0,9,28,1,2016,0
17282,0,0,0,4,0,2011,0
34000,1,0,0,9,1,2012,0
7707,1,0,1,1,0,2011,0
46420,0,1,2,2,2,2016,0
16350,0,0,0,0,0,2011,2
51497,1,0,1,1,1,2012,0
22165,0,2,4,6,0,2012,0
43152,0,1,2,2,2,2016,0
2275,0,0,0,4,0,2010,3
27417,1,0,1,54,2,2015,0
55037,1,3,14,14,3,2017,0
19318,4,1,8,47,0,2011,0
49468,0,2,4,6,1,2012,0
42080,0,1,23,23,1,2012,0
22959,0,2,4,25,1,2012,3
34232,0,0,0,4,1,2013,0
23285,0,1,2,2,2,2016,0
50777,0,2,4,17,1,2013,2
16162,0,2,10,10,0,2011,0
22357,0,0,0,0,0,2011,0
19916,4,1,8,47,2,2015,0
7535,0,0,0,4,1,2011,3
46612,1,2,4,33,2,2012,0
27625,0,0,1,26,1,2012,0
13410,0,0,0,0,1,2011,0
48788,1,1,13,36,1,2015,0
43360,0,2,4,25,1,2012,3
2047,0,0,0,4,0,2010,3
30692,1,2,4,33,2,2015,0
55205,1,3,14,14,3,2017,0
25172,1,1,8,8,2,2015,0
56480,1,3,17,37,3,2017,0
11347,0,0,1,1,1,2017,0
41437,0,2,4,25,0,2012,3
33017,1,0,0,21,1,2012,1
10295,0,2,4,6,1,2016,0
57552,1,3,14,14,3,2017,0
44979,0,1,2,2,2,2016,0
45097,1,0,9,11,2,2015,0
36565,1,3,12,16,3,2017,0
14635,0,1,27,27,1,2011,0
5262,4,1,8,47,2,2015,0
8925,0,1,5,5,1,2012,0
16506,0,0,1,1,0,2011,0
22733,0,2,4,6,0,2011,0
35784,1,2,4,32,1,2012,0
7151,1,0,0,0,0,2011,0
46276,1,0,0,9,1,2012,0
13848,0,0,0,4,0,2011,0
6083,1,0,0,4,1,2011,0
28209,0,1,16,34,2,2016,0
50313,0,1,29,29,1,2012,2
8119,0,1,5,5,2,2016,0
31324,1,0,0,21,1,2012,1
13074,0,2,4,6,0,2011,0
43704,1,1,13,13,1,2012,0
33473,1,1,5,5,1,2012,0
58942,1,1,2,2,2,2016,0
20858,1,1,16,34,2,2016,0
40181,0,1,16,34,2,2016,0
57136,1,0,1,49,1,2012,0
25516,3,0,0,4,0,2011,0
39149,1,0,0,21,1,2012,1
59890,1,0,0,57,0,2012,0
53596,0,4,27,27,2,2016,0
20064,1,1,27,27,0,2011,0
5606,0,2,10,10,1,2011,0
44521,0,2,10,10,1,2012,0
36101,0,1,23,23,1,2012,0
52444,1,0,26,73,2,2015,0
39975,0,2,4,6,2,2014,0
57304,1,2,4,33,2,2012,0
33641,0,2,7,7,1,2012,0
41261,0,1,23,23,1,2012,0
25724,0,1,5,5,1,2012,0
11511,1,2,4,32,2,2015,0
5434,0,0,0,4,1,2011,3
44713,0,2,7,7,1,2012,0
14063,0,0,0,4,0,2011,0
20256,0,0,0,4,0,2011,0
52676,1,4,27,27,2,2016,0
36333,0,1,3,3,1,2016,0
7363,0,2,4,17,2,2018,2
46044,1,1,13,50,2,2016,0
16734,0,2,7,7,0,2011,0
22501,1,2,4,6,2,2015,0
49830,1,2,7,7,2,2012,0
47196,0,2,10,10,1,2012,0
34464,4,1,1,77,1,2012,0
12394,0,1,3,3,1,2016,2
46878,0,1,3,3,1,2012,0
31116,3,0,1,26,1,2012,0
43536,1,0,0,9,1,2012,0
28807,0,0,0,0,1,2012,0
2611,1,2,4,33,2,2012,0
13246,0,0,1,1,0,2011,0
54581,1,0,0,21,1,2012,1
3763,0,0,0,4,1,2011,0
29975,1,4,27,27,2,2016,0
26101,0,0,0,0,1,2012,2
54521,0,2,4,25,0,2012,3
9259,0,0,0,0,0,2011,2
30064,0,1,2,2,2,2016,0
16794,0,0,0,0,0,2011,0
51053,1,0,9,28,1,2017,0
49890,2,1,2,2,2,2016,0
47136,1,1,8,8,1,2015,0
6211,1,0,0,4,1,2011,0
48942,1,1,13,43,1,2013,0
23473,0,1,18,18,2,2015,0
50181,1,3,19,81,3,2017,0
17646,4,2,7,7,3,2013,0
30858,1,0,0,21,1,2012,1
1808,4,1,30,30,0,2010,3
37241,0,2,4,6,1,2012,0
5494,0,0,0,4,1,2011,0
45661,0,0,9,35,1,2016,0
36393,0,1,3,3,1,2016,0
4546,0,2,4,25,1,2011,3
21324,0,1,16,34,2,2016,0
15111,0,0,1,49,0,2011,2
38209,1,1,16,34,2,2016,0
40313,4,2,10,10,2,2013,0
10463,0,0,0,4,0,2011,0
24656,3,1,3,3,0,2011,0
25784,0,0,0,82,1,2012,2
56276,1,0,9,11,1,2017,0
37073,1,1,8,8,1,2012,0
44581,0,0,1,1,1,2017,0
53536,1,0,9,28,2,2015,0
21116,1,0,0,9,0,2011,0
15323,0,0,0,58,0,2011,0
56878,1,2,4,33,2,2012,0
4774,1,0,1,3,1,2011,3
57196,1,0,0,57,1,2012,0
40121,4,1,3,3,1,2012,0
32501,0,0,0,0,1,2012,0
56044,1,3,14,14,3,2017,0
11783,0,0,0,4,1,2011,0
12106,1,0,0,78,0,2011,1
26333,1,1,2,2,2,2016,0
3551,0,2,4,6,2,2015,0
42676,1,0,0,21,1,2012,1
2483,1,0,0,9,0,2011,0
30256,0,2,4,17,2,2018,2
54713,1,0,24,44,0,2012,1
51261,0,1,5,5,1,2013,2
9857,0,0,0,4,0,2011,0
47304,1,1,8,45,1,2012,0
6023,0,0,0,4,1,2011,0
21572,0,1,3,3,2,2015,0
15747,0,2,4,25,3,2013,3
32959,0,0,0,4,1,2012,0
52080,0,0,0,4,1,2012,0
59468,1,1,13,43,1,2013,0
45037,0,1,2,2,2,2016,0
4310,4,0,0,4,1,2011,0
37417,1,1,8,8,1,2012,0
53152,0,0,0,0,1,2012,2
14695,0,0,1,49,0,2011,0
32165,1,1,3,3,1,2017,0
56420,1,0,9,11,2,2015,0
10235,0,1,2,2,2,2016,0
1662,0,0,0,58,0,2012,3
40545,1,1,2,2,2,2016,0
48728,1,1,13,50,1,2015,0
30632,0,0,0,4,1,2012,3
27685,1,1,8,8,2,2015,0
18058,1,1,23,23,2,2015,0
3135,1,2,4,33,2,2015,0
42212,1,0,0,57,1,2012,0
23225,1,0,0,21,0,2011,1
17010,1,2,4,33,2,2012,2
18864,0,0,0,12,0,2011,0
34292,1,0,0,53,1,2012,1
6447,1,2,7,7,1,2011,0
7595,1,2,4,25,1,2011,3
3909,1,0,1,54,1,2011,0
51605,1,0,1,49,0,2012,0
13682,1,2,4,25,0,2011,3
54145,1,2,4,33,3,2013,0
3307,0,2,4,25,3,2011,3
42020,0,2,4,6,1,2012,0
55097,1,3,21,83,3,2017,0
12750,4,1,8,47,1,2012,3
47552,1,2,4,33,2,2012,0
54979,1,0,0,0,1,2012,0
6675,0,2,4,25,1,2011,3
17222,0,1,16,34,2,2016,0
51437,1,0,0,9,1,2012,0
35172,4,1,8,47,1,2015,0
46480,1,1,2,2,2,2016,0
45205,1,1,2,2,2,2016,0
4122,4,2,4,6,1,2011,0
21740,4,2,4,6,0,2011,0
15575,3,0,0,4,0,2011,0
53360,1,1,23,23,1,2012,0
37625,3,0,0,4,1,2012,0
56612,1,3,19,76,3,2017,4
32357,0,1,2,2,2,2016,0
33285,0,0,0,4,1,2012,0
40777,0,2,7,7,1,2012,0
10007,1,0,0,4,0,2011,3
21586,0,0,1,1,1,2011,0
52074,0,0,0,4,1,2012,0
14661,0,0,0,0,0,2011,0
20454,1,1,5,5,2,2015,0
32191,0,2,4,25,1,2012,3
52848,1,1,13,50,1,2012,0
39579,1,2,4,33,2,2015,0
25126,1,1,8,45,2,2015,0
57506,0,2,10,10,1,2013,0
33043,1,0,0,21,1,2012,1
43334,1,1,8,8,3,2013,0
27671,1,1,8,8,2,2015,0
54383,1,1,23,23,1,2015,0
13444,1,0,0,9,1,2011,0
55251,1,3,19,76,3,2017,0
31714,1,1,13,50,2,2016,1
8529,0,2,4,25,1,2011,3
28639,0,0,0,4,1,2012,3
50723,2,0,20,20,1,2012,0
47794,1,1,8,8,1,2012,0
34266,1,0,0,53,1,2012,1
18890,1,0,0,0,0,2011,0
7561,0,0,0,4,1,2011,3
19942,4,1,8,63,0,2011,0
46646,0,3,12,16,3,2017,0
16136,1,0,0,9,0,2011,0
27443,1,0,0,4,2,2015,0
13676,0,2,4,25,0,2011,3
43106,0,3,12,16,3,2017,0
2221,4,1,8,47,1,2011,3
55063,1,3,14,14,3,2017,4
26591,0,2,7,7,1,2012,0
6681,1,2,4,25,1,2011,3
34054,3,0,1,54,1,2012,0
22131,0,2,4,17,0,2011,2
7753,0,2,4,25,0,2011,3
35186,4,1,8,47,3,2013,0
46474,0,1,2,2,2,2016,0
36703,0,3,12,31,3,2017,0
15581,0,0,0,4,0,2011,0
14453,1,2,4,33,1,2012,0
53394,1,0,0,21,0,2012,1
20666,0,0,0,4,0,2011,0
5004,1,0,1,41,1,2011,0
25314,0,1,2,2,2,2016,0
11121,1,1,25,48,0,2011,0
33271,2,0,1,41,1,2012,0
40783,0,2,7,7,1,2012,0
5838,0,0,0,4,1,2011,0
57734,1,3,14,84,3,2017,4
31142,0,0,0,0,1,2012,2
3797,0,2,4,6,3,2014,0
29981,1,4,27,27,2,2016,0
19728,1,0,0,0,1,2011,0
55407,1,3,14,55,3,2017,0
27027,1,0,1,26,1,2012,0
13212,1,2,4,25,3,2012,3
28853,0,0,0,4,1,2012,0
43562,0,1,3,3,1,2012,0
50949,1,0,1,1,1,2013,0
30090,0,1,2,2,2,2016,0
2645,1,1,8,8,2,2015,0
16760,1,1,8,8,2,2015,0
49864,4,1,2,2,2,2016,0
22555,0,3,12,16,3,2017,0
46010,1,0,15,15,1,2012,1
34430,1,0,0,4,1,2012,0
23487,0,1,18,18,1,2012,0
50175,1,2,4,32,2,2012,0
58318,0,1,3,3,1,2016,3
14037,0,0,0,0,2,2016,0
20202,0,0,0,12,0,2011,0
5460,1,2,4,25,1,2011,3
44747,0,2,4,6,1,2012,0
36367,0,1,29,29,1,2012,2
52622,1,1,8,8,1,2012,0
57350,1,0,9,11,2,2015,0
10497,1,0,0,4,0,2011,0
25770,0,0,0,82,1,2012,2
11545,1,0,0,21,1,2011,1
56282,1,0,9,11,1,2017,0
37087,1,1,8,85,1,2012,0
20030,0,0,0,0,0,2011,0
39921,4,1,8,63,3,2011,5
52410,1,0,26,73,2,2015,0
4780,1,0,0,4,1,2011,3
57162,1,0,0,4,1,2012,0
58916,0,1,29,29,1,2017,0
33427,1,1,8,8,1,2012,0
41007,2,0,1,26,1,2012,0
25542,1,0,0,9,1,2012,0
11777,0,0,0,4,0,2011,0
7939,0,0,0,4,0,2011,3
55635,1,2,4,33,2,2015,0
42682,1,0,0,21,1,2012,1
2477,0,2,4,25,0,2010,3
27215,0,0,1,26,1,2012,0
7105,4,1,8,47,2,2015,0
16552,0,0,0,4,0,2011,0
8971,0,2,4,25,0,2011,3
22767,1,0,0,21,0,2011,1
50347,1,0,0,21,1,2012,1
34602,0,0,9,28,1,2016,0
59665,1,0,15,15,0,2012,1
14498,0,2,4,6,0,2011,0
10804,0,2,7,7,0,2011,0
4921,1,0,0,4,1,2011,0
32368,0,1,2,2,2,2016,0
39780,0,0,0,0,1,2012,0
40748,1,2,7,7,2,2012,0
38652,1,2,4,6,1,2012,0
18255,1,0,0,21,1,2012,1
27488,1,0,9,28,2,2015,0
9602,0,0,0,0,0,2011,0
23814,0,2,4,6,0,2011,0
48525,1,0,20,20,1,2012,0
3338,0,0,0,4,1,2011,3
35971,0,0,0,4,1,2012,0
19387,0,2,4,25,1,2011,3
54946,0,0,0,4,1,2012,0
23028,0,0,0,0,0,2011,2
42823,1,0,9,28,1,2012,0
51408,0,0,0,0,1,2012,0
55894,1,3,17,37,3,2017,0
7798,0,0,0,4,0,2011,0
9430,0,2,4,17,0,2011,2
17813,0,2,4,6,0,2011,0
48717,1,1,13,50,1,2012,0
6478,0,0,0,58,1,2011,0
19989,1,0,0,4,0,2011,0
3936,1,0,0,4,1,2011,0
15778,0,0,9,28,1,2016,0
59457,1,1,13,43,1,2015,0
45008,0,1,2,2,2,2016,0
37428,1,1,8,8,1,2012,0
52883,1,0,15,15,0,2012,1
45834,1,0,0,21,1,2012,1
33088,1,2,4,33,2,2015,0
38460,1,1,8,85,1,2012,0
12139,1,0,0,21,0,2011,1
42649,1,0,0,21,1,2012,1
8186,0,0,0,0,1,2011,0
9054,1,2,4,25,0,2011,3
30269,0,1,16,34,1,2017,0
48373,0,0,0,0,1,2012,0
18403,0,2,4,6,0,2011,0
6820,1,2,7,7,1,2011,0
12905,1,2,4,6,0,2011,0
9868,0,0,0,4,0,2011,0
28296,0,1,16,34,2,2016,0
57995,1,0,20,20,0,2012,0
5699,0,2,4,6,2,2015,0
40922,3,0,0,58,1,2012,0
38838,1,0,20,20,0,2012,0
59033,1,2,4,33,2,2012,0
21129,1,0,0,9,0,2011,0
56847,0,0,1,1,1,2012,0
37870,0,1,23,23,1,2012,0
38004,1,1,2,2,2,2016,0
21915,1,0,24,44,0,2011,1
25589,1,0,24,44,0,2011,1
4579,1,2,4,25,1,2011,3
38236,4,1,16,34,2,2016,0
24669,0,2,4,6,0,2011,0
56249,0,0,26,40,1,2016,0
15912,0,0,0,0,0,2011,2
49093,1,3,14,86,3,2017,0
31189,0,1,23,23,1,2012,0
18631,0,0,0,4,0,2011,0
9266,0,0,0,0,0,2011,0
50982,1,0,26,87,1,2017,0
28898,1,0,9,28,1,2014,0
48141,1,1,23,23,2,2016,0
29176,3,0,1,26,1,2012,0
26902,1,0,0,9,1,2012,0
35529,2,2,10,10,1,2012,0
47109,3,2,4,6,0,2012,0
17679,1,2,4,33,2,2015,0
30867,1,0,0,21,1,2012,1
7906,0,0,0,4,0,2011,0
19525,0,0,0,66,0,2011,0
8172,1,2,4,33,2,2015,0
48387,0,0,1,1,1,2012,0
22758,1,0,0,21,0,2011,1
50378,1,0,1,88,1,2012,1
28262,0,3,12,16,3,2017,0
57961,1,0,15,15,0,2012,1
58115,1,1,13,36,0,2012,0
37884,4,1,3,3,1,2016,0
20833,0,2,4,17,0,2012,2
39122,1,0,1,75,0,2012,0
41038,0,1,2,2,2,2016,0
58327,1,2,7,7,1,2012,0
14008,0,0,0,4,0,2011,0
44778,0,2,4,6,1,2012,0
36358,0,1,29,29,1,2012,2
14834,0,1,5,5,1,2011,0
39310,0,2,4,6,2,2018,0
49067,1,1,8,8,1,2012,0
8340,3,0,0,4,0,2011,0
46813,2,0,1,41,1,2012,0
19717,0,0,0,0,0,2011,0
55438,1,3,14,14,3,2017,0
27018,1,0,1,1,1,2012,0
50976,1,0,9,11,1,2017,0
29182,1,0,0,57,1,2012,0
31941,1,2,4,6,1,2012,0
7308,1,0,0,9,1,2011,0
30893,1,0,1,89,1,2012,1
28050,0,0,9,28,1,2016,0
48989,1,1,13,43,1,2012,0
11922,0,2,4,17,1,2012,2
59691,1,0,9,11,1,2014,0
58743,0,0,0,4,0,2012,0
5807,1,0,0,4,1,2011,0
13649,0,2,4,6,0,2011,0
34857,0,2,4,6,1,2012,0
22932,4,1,2,2,2,2016,0
8724,0,0,0,0,0,2011,0
35985,1,0,0,4,1,2012,0
47599,1,2,4,32,2,2012,0
28434,1,1,2,2,2,2016,0
55860,1,3,17,37,3,2017,0
19141,0,2,10,10,0,2011,0
49631,1,0,20,20,1,2012,0
8516,4,1,8,47,1,2011,3
28606,0,2,4,25,1,2012,0
34259,0,0,1,68,1,2012,3
46679,1,3,12,31,3,2017,0
16109,0,1,16,34,2,2016,0
25925,1,0,0,4,1,2012,0
5209,0,0,0,4,1,2011,0
33840,0,2,4,6,1,2012,0
58571,0,0,1,26,1,2012,0
52877,1,0,15,15,0,2012,1
39546,0,2,7,7,1,2012,0
25119,1,1,8,45,2,2015,0
44912,0,0,1,3,1,2012,0
57539,0,1,5,5,1,2010,0
38494,3,0,0,4,1,2012,0
20037,1,0,1,90,0,2011,0
44572,0,2,10,64,1,2012,0
37080,1,1,8,8,1,2012,0
57959,1,0,15,15,0,2012,1
4787,0,0,1,26,1,2011,3
52417,1,0,26,40,2,2015,0
39926,4,1,8,38,0,2012,0
58911,0,1,29,29,1,2012,0
24497,1,0,0,21,0,2011,1
57165,1,0,0,9,1,2012,0
11770,0,0,0,4,0,2011,0
41000,2,0,1,26,1,2012,0
42685,1,0,0,21,1,2012,1
55632,1,2,4,33,2,2015,0
13027,1,2,4,33,2,2012,0
27212,0,0,0,0,1,2012,0
43757,1,1,13,72,0,2012,0
22760,1,0,0,21,0,2011,1
16555,0,0,0,4,0,2011,0
8976,0,2,4,25,0,2011,3
7102,4,1,8,47,2,2015,0
34605,0,0,9,28,1,2016,0
50340,1,0,0,78,1,2012,1
55400,1,3,19,81,3,2017,0
3790,0,2,4,6,1,2014,0
8378,2,0,0,4,0,2011,0
30097,0,1,2,2,2,2016,0
2642,0,2,4,17,0,2010,2
43565,4,1,8,47,1,2012,0
28854,0,0,0,4,1,2012,0
13215,0,2,4,25,3,2012,3
27020,1,0,1,1,1,2012,0
46017,1,0,0,21,1,2012,1
7330,0,2,10,10,1,2013,0
49863,2,1,2,2,2,2016,0
16767,1,1,8,8,2,2015,0
31979,0,2,4,25,1,2012,3
50172,1,2,4,32,2,2012,0
28068,0,0,9,59,1,2016,0
23480,0,1,18,18,1,2012,0
44740,0,2,4,6,1,2012,0
5467,0,2,4,25,1,2011,3
20205,0,0,0,12,0,2011,0
14030,1,0,0,4,0,2011,0
36360,0,1,29,29,1,2012,2
45692,1,3,12,31,3,2017,0
57357,1,0,9,11,2,2015,0
10490,0,0,0,0,0,2011,0
33612,1,1,23,23,1,2012,0
39328,2,0,1,26,1,2012,0
41232,0,2,4,25,1,2012,3
11542,1,0,0,21,1,2011,1
56285,1,0,9,11,2,2015,0
25777,0,0,0,82,1,2012,2
2226,1,0,1,3,0,2010,3
43101,0,3,12,71,3,2017,0
18299,1,0,0,21,0,2011,1
13671,4,0,1,1,0,2011,0
27444,1,0,0,4,0,2015,0
26596,0,2,4,25,1,2015,3
55064,1,3,14,14,3,2017,4
50516,0,0,9,59,2,2016,0
6686,0,0,0,4,1,2011,0
34053,3,0,1,54,1,2012,0
46473,0,1,2,2,2,2016,0
7754,0,2,4,6,0,2011,0
55858,1,3,17,37,3,2017,0
35181,4,1,8,47,1,2015,0
22136,0,2,4,17,0,2012,2
16303,0,0,0,0,0,2011,0
15586,0,0,0,12,0,2011,0
36704,0,3,12,31,3,2017,0
5003,1,0,1,26,1,2011,0
14454,1,2,4,33,1,2012,0
53393,1,0,0,21,0,2012,1
11126,1,0,1,3,0,2011,3
25313,0,1,2,2,2,2016,0
57733,1,3,14,84,3,2017,4
40784,0,2,7,7,1,2012,0
36536,1,1,8,8,1,2012,0
52073,0,0,0,4,1,2012,0
58549,1,1,16,34,2,2016,0
14666,0,0,0,0,0,2011,0
33878,0,1,2,2,2,2016,0
44116,0,3,12,31,3,2017,0
5231,0,0,0,4,1,2011,0
25121,1,1,8,45,2,2015,0
32196,0,0,0,21,1,2012,1
33044,1,0,0,21,1,2012,1
57501,0,2,10,10,1,2012,0
54384,1,1,8,8,0,2012,0
13443,1,0,0,9,1,2011,0
2014,0,0,0,4,0,2010,3
43333,1,1,8,8,1,2012,0
49609,1,2,4,33,2,2015,0
31713,1,1,13,50,2,2016,1
12591,4,0,0,4,0,2011,0
55256,1,3,19,81,1,2019,0
18897,1,0,20,20,0,2011,0
34261,3,0,0,4,1,2012,0
50724,2,0,20,20,1,2012,0
2828,0,2,4,6,1,2012,0
22304,1,2,4,33,2,2012,0
16131,1,0,0,4,0,2011,0
46641,1,3,12,16,3,2017,0
7566,0,0,0,4,1,2011,3
19945,1,1,8,8,0,2011,0
13685,0,2,4,6,0,2011,0
54142,1,2,4,33,2,2012,0
26562,0,2,4,6,0,2012,0
55090,1,3,21,83,3,2017,0
12757,0,0,0,4,0,2011,0
42027,1,2,4,25,0,2012,3
3300,0,2,4,25,3,2011,3
17225,0,1,16,34,2,2016,0
6672,1,2,4,6,1,2011,0
47555,1,2,4,33,2,2012,0
46487,0,1,2,2,2,2016,0
51430,0,0,0,0,1,2012,0
15572,3,0,0,4,0,2011,0
21747,4,2,4,6,0,2011,0
4125,0,0,0,4,1,2011,3
45202,0,1,2,2,2,2016,0
37622,3,0,0,4,1,2012,0
20695,0,2,4,6,2,2011,0
53367,4,1,8,47,1,2012,0
32350,0,1,2,2,2,2016,0
56615,1,3,19,76,3,2017,0
4919,1,0,0,9,1,2011,0
10000,1,0,1,41,1,2011,0
4317,4,0,0,4,1,2011,0
45030,0,1,2,2,2,2016,0
15740,1,2,4,25,0,2011,3
52087,1,0,0,4,1,2012,0
21575,0,1,3,3,2,2015,0
37410,1,1,8,8,1,2012,0
56427,1,3,22,22,3,2017,0
32162,1,1,3,3,1,2017,0
40542,1,1,2,2,2,2016,0
38458,1,1,8,8,1,2012,0
27682,1,1,8,8,2,2015,0
9408,1,1,16,34,2,2016,0
30635,0,0,0,4,1,2012,0
42215,1,0,0,9,1,2012,0
3132,0,0,0,4,0,2010,0
34295,1,0,0,53,1,2012,1
18863,0,0,0,12,0,2011,0
6440,0,2,4,6,1,2011,0
17017,1,2,4,32,2,2012,0
23222,1,0,0,21,0,2011,1
51602,1,0,1,1,0,2012,0
7592,0,2,4,25,1,2011,3
53531,1,0,9,28,1,2017,0
44586,0,0,1,1,1,2017,0
37074,1,1,8,8,1,2012,0
4773,1,0,1,54,1,2011,3
15324,0,0,0,12,0,2011,3
21111,1,0,0,9,0,2011,0
40126,3,0,1,26,1,2012,0
24463,0,2,4,6,0,2012,0
10656,1,0,0,9,0,2011,0
37848,0,1,23,23,1,2012,0
57191,1,0,0,9,1,2012,0
56043,1,3,14,14,3,2017,0
11784,1,0,0,4,1,2011,0
32506,0,2,10,10,1,2013,0
49299,1,1,3,3,1,2016,0
42671,1,0,0,21,1,2012,1
3556,0,2,4,6,2,2015,0
26334,1,1,2,2,2,2016,0
12101,1,0,0,21,0,2011,1
54714,1,0,24,44,1,2012,1
6818,0,2,7,7,1,2011,0
2484,1,0,0,4,0,2010,3
30251,0,2,7,7,1,2013,0
22794,0,0,0,4,0,2011,0
8982,0,2,4,6,0,2011,0
51266,0,1,5,5,1,2012,0
6024,1,0,0,4,1,2011,0
47303,1,1,8,45,0,2012,0
26106,0,0,0,0,1,2012,2
12333,1,0,1,1,0,2011,0
3764,0,0,0,4,1,2011,0
30063,0,1,2,2,2,2016,0
48179,1,1,8,8,2,2016,0
54526,0,2,4,25,0,2012,3
18609,0,0,0,4,0,2010,0
35511,0,2,7,7,1,2012,0
49897,4,1,2,2,2,2016,0
16793,0,0,0,0,0,2011,0
51054,1,0,9,11,1,2017,0
50186,1,1,8,8,1,2012,0
17641,4,1,25,91,0,2013,3
23474,0,1,18,18,2,2015,0
48945,0,1,13,43,1,2013,0
6216,0,0,0,4,1,2011,0
47131,1,1,8,8,1,2015,0
37246,0,2,4,6,1,2012,0
5493,0,0,0,4,1,2011,0
15116,0,0,1,49,0,2011,2
59239,0,1,2,2,2,2016,0
21323,0,1,16,34,2,2016,0
36394,0,1,3,3,1,2016,0
4541,0,0,0,4,1,2011,0
24651,1,1,8,8,2,2015,0
10464,0,0,0,4,0,2011,0
40314,4,2,10,10,2,2013,0
56271,1,0,9,11,1,2017,0
25783,0,0,0,82,1,2012,2
27649,0,0,0,4,1,2012,0
16932,0,0,0,4,0,2011,0
49636,1,0,1,41,1,2012,0
19146,0,0,0,12,1,2011,0
55269,1,3,19,81,1,2019,0
2817,0,2,4,6,1,2012,0
7559,0,0,0,4,1,2011,3
25922,1,0,0,4,1,2012,0
36509,1,1,8,8,1,2012,0
58576,1,0,0,4,1,2012,0
14659,0,0,1,49,0,2011,0
33847,0,2,4,6,1,2012,0
39541,1,0,9,11,2,2015,0
38493,3,0,0,4,1,2012,0
40589,1,0,0,21,1,2012,1
44915,0,0,0,4,1,2012,0
59696,1,0,9,28,1,2014,0
11925,1,2,4,32,2,2015,0
58744,0,0,0,4,1,2012,0
41669,1,2,4,33,2,2012,0
39773,0,0,0,0,1,2012,0
11119,0,0,0,0,0,2011,2
5800,0,0,0,4,1,2011,0
33249,0,0,0,0,1,2012,2
2219,0,2,4,6,0,2010,0
34850,0,2,4,25,1,2012,3
54189,0,0,9,28,1,2016,0
35982,1,0,0,4,1,2012,0
8723,0,0,0,0,0,2011,0
22935,1,1,2,2,2,2016,0
28433,1,1,2,2,2,2016,2
55867,1,3,17,37,3,2017,0
22109,0,2,4,25,0,2011,3
5458,0,0,1,3,1,2011,3
58320,0,1,3,3,1,2016,3
57368,1,0,9,28,2,2015,0
14833,0,1,5,5,1,2011,0
39317,3,0,0,4,1,2012,0
25748,0,1,5,5,2,2015,0
46814,2,0,1,41,1,2012,0
49060,0,2,4,6,1,2012,0
50971,1,0,9,11,1,2017,0
16758,1,1,8,8,2,2015,0
31946,0,2,4,6,1,2012,0
28057,0,0,9,28,1,2016,0
30894,1,0,1,89,1,2012,1
34408,0,0,0,4,1,2012,0
8175,1,2,4,33,2,2015,0
7901,0,0,0,4,0,2011,0
19522,0,0,0,66,0,2011,0
